phase,trial,variant,mode,workload,records,chunkBytes,inputBytes,elapsedMs,firstRecordMs,recordsPerSecond,mibPerSecond,cpuMs,initialHeap,sampledPeakHeap,sampledPeakRSS,processPeakRSS,retainedHeap,recordCount,eventCount,frameCount
ablation,0,combined,stream,mixed,100000,65536,9316780,231.353833,0.07829200000000469,432238.35414043046,38.4051289852951,273.238,10474456,17723632,106086400,106315776,10644448,100000,100000,316666
ablation,0,frame_owner,stream,mixed,100000,65536,9316780,249.28491700000004,0.07187500000000568,401147.4147872331,35.6426449884548,291.568,10493160,18102720,107888640,108118016,10661504,100000,100000,316666
ablation,0,baseline,stream,mixed,100000,65536,9316780,302.884916,0.06416600000000017,330158.4024738954,29.33514786720981,351.08,10491336,17483336,107249664,107495424,10665624,100000,100000,316666
ablation,0,no_guard,stream,mixed,100000,65536,9316780,311.818,0.08012499999998113,320699.8954518341,28.49474307964076,358.706,10490928,18182208,107003904,107266048,10665224,100000,100000,316666
ablation,0,line_owner,stream,mixed,100000,65536,9316780,287.48258400000003,0.06108400000002234,347847.15862996416,30.906824594311498,334.845,10466656,17343696,106692608,106954752,10625936,100000,100000,316666
ablation,0,chunk_owner,stream,mixed,100000,65536,9316780,308.296292,0.06595899999999233,324363.29140150675,28.820242176663683,356.71,10465088,17258240,107249664,107511808,10606488,100000,100000,316666
ablation,0,no_frame_cancellation,stream,mixed,100000,65536,9316780,280.37245800000005,0.07779200000001651,356668.4142705628,31.69060848910994,324.841,10455232,18073120,106774528,107020288,10612344,100000,100000,316666
ablation,0,no_frame_cancellation,stream,messages,100000,65536,11850000,225.23241700000003,0.10766699999999219,443985.8228755765,50.17501832080442,263.224,10427536,14172560,102744064,102744064,10437704,100000,100000,300000
ablation,0,baseline,stream,messages,100000,65536,11850000,248.417625,0.07912500000000477,402547.9271046086,45.492104875465515,291.048,10434400,14501856,104480768,104546304,10440152,100000,100000,300000
ablation,0,no_guard,stream,messages,100000,65536,11850000,250.981084,0.06479200000001129,398436.40168515645,45.02745971650223,294.502,10434000,14713152,103301120,103383040,10439752,100000,100000,300000
ablation,0,frame_owner,stream,messages,100000,65536,11850000,193.628667,0.06324999999998226,516452.45277653023,58.36450162317165,230.887,10425416,14445616,106692608,106692608,10436432,100000,100000,300000
ablation,0,chunk_owner,stream,messages,100000,65536,11850000,257.83475,0.07104100000000813,387845.31565275823,43.830556778766486,299.898,10422544,14667800,104136704,104153088,10433168,100000,100000,300000
ablation,0,combined,stream,messages,100000,65536,11850000,178.568041,0.06495799999999008,560010.6236255345,63.28702821695884,215.237,10412864,14542368,103514112,103514112,10418648,100000,100000,300000
ablation,0,line_owner,stream,messages,100000,65536,11850000,235.27320799999998,0.05983299999999758,425037.77140659385,48.0336913220228,276.788,10425344,14649768,103661568,103825408,10431784,100000,100000,300000
ablation,1,line_owner,stream,mixed,100000,65536,9316780,288.411792,0.05837500000001228,346726.461170492,30.807248677292023,335.772,10466496,17741752,109199360,109445120,10623448,100000,100000,316666
ablation,1,combined,stream,mixed,100000,65536,9316780,233.74366600000002,0.06187499999998636,427819.07938416605,38.01246874260722,274.331,10460272,17160384,105299968,105529344,10627928,100000,100000,316666
ablation,1,no_frame_cancellation,stream,mixed,100000,65536,9316780,276.12408300000004,0.05500000000000682,362156.02389162115,32.178192141275204,319.4,10488032,17870168,105725952,105955328,10661288,100000,100000,316666
ablation,1,chunk_owner,stream,mixed,100000,65536,9316780,309.999459,0.07304200000001515,322581.2081175277,28.661900979664036,357.774,10465048,18094072,105758720,106020864,10607664,100000,100000,316666
ablation,1,no_guard,stream,mixed,100000,65536,9316780,319.205208,0.06450000000000955,313278.0966405786,27.835303356351947,371.985,10490896,17826416,108085248,108347392,10665192,100000,100000,316666
ablation,1,frame_owner,stream,mixed,100000,65536,9316780,271.93429199999997,0.07900000000000773,367735.894081354,32.67397330531385,319.952,10493336,18067464,106971136,107200512,10661744,100000,100000,316666
ablation,1,baseline,stream,mixed,100000,65536,9316780,314.74183300000004,0.05787499999999568,317720.71429729514,28.23003765631441,365.132,10490936,17212176,107757568,108019712,10665320,100000,100000,316666
ablation,1,chunk_owner,stream,messages,100000,65536,11850000,260.601,0.08012500000000955,383728.38170229585,43.365300399515206,304.814,10424272,14905408,104677376,104677376,10435248,100000,100000,300000
ablation,1,no_guard,stream,messages,100000,65536,11850000,254.673542,0.0756669999999815,392659.5562879477,44.374616069909855,298.204,10433968,14706848,105496576,105496576,10439720,100000,100000,300000
ablation,1,no_frame_cancellation,stream,messages,100000,65536,11850000,224.07999999999998,0.07224999999999682,446269.1895751518,50.4330625196986,263.408,10427560,13000880,102809600,102809600,10437728,100000,100000,300000
ablation,1,baseline,stream,messages,100000,65536,11850000,253.615792,0.06704200000001492,394297.21316407615,44.55968833917906,295.969,10427824,14815368,106348544,106348544,10437952,100000,100000,300000
ablation,1,frame_owner,stream,messages,100000,65536,11850000,194.323916,0.06329099999999244,514604.6974475339,58.15568604234006,230.323,10426064,14612608,104792064,104841216,10436032,100000,100000,300000
ablation,1,combined,stream,messages,100000,65536,11850000,182.255,0.058374999999983856,548681.7919947327,62.00675234925825,219.367,10412328,14511808,103792640,103792640,10418808,100000,100000,300000
ablation,1,line_owner,stream,messages,100000,65536,11850000,237.78308399999997,0.0599589999999921,420551.36268650636,47.52668044886685,276.041,10425016,14808832,103153664,103153664,10432168,100000,100000,300000
ablation,2,frame_owner,stream,mixed,100000,65536,9316780,249.386375,0.09616599999998243,400984.215757577,35.62814447103384,291.612,10493120,17065336,108019712,108249088,10661552,100000,100000,316666
ablation,2,no_frame_cancellation,stream,mixed,100000,65536,9316780,274.805292,0.05616700000001629,363894.0111822883,32.3326153326313,318.176,10453672,17846016,106528768,106774528,10639912,100000,100000,316666
ablation,2,line_owner,stream,mixed,100000,65536,9316780,289.60275,0.06729200000000901,345300.5884785279,30.680557410478393,338.309,10466784,17522680,109101056,109379584,10640776,100000,100000,316666
ablation,2,baseline,stream,mixed,100000,65536,9316780,306.20875,0.060625000000015916,326574.5998440606,29.016720774985764,355.128,10475184,18207232,108609536,108871680,10649504,100000,100000,316666
ablation,2,chunk_owner,stream,mixed,100000,65536,9316780,304.422917,0.06024999999999636,328490.38103133347,29.186941263056823,352.247,10471968,18082480,108134400,108396544,10658648,100000,100000,316666
ablation,2,combined,stream,mixed,100000,65536,9316780,234.65925,0.07525000000001114,426149.8321502349,37.86415322476068,274.508,10460288,17348048,107118592,107347968,10627944,100000,100000,316666
ablation,2,no_guard,stream,mixed,100000,65536,9316780,301.126083,0.06762500000002092,332086.8089663292,29.506490135586898,349.556,10490720,18415840,108019712,108281856,10665016,100000,100000,316666
ablation,2,baseline,stream,messages,100000,65536,11850000,254.656791,0.17708300000001032,392685.3849344234,44.377534975747274,296.008,10434192,14748248,104677376,104677376,10440360,100000,100000,300000
ablation,2,no_frame_cancellation,stream,messages,100000,65536,11850000,224.85554199999999,0.07533300000000054,444729.9769022371,50.25911546985159,263.784,10427520,14710888,105070592,105070592,10438024,100000,100000,300000
ablation,2,no_guard,stream,messages,100000,65536,11850000,256.112792,0.08579199999999787,390452.96886225033,44.12524872796694,298.02,10435528,14433264,102088704,102088704,10441368,100000,100000,300000
ablation,2,line_owner,stream,messages,100000,65536,11850000,238.52129200000002,0.056707999999986214,419249.7833694444,47.37958844116131,277.606,10421688,14618392,102891520,102973440,10431800,100000,100000,300000
ablation,2,chunk_owner,stream,messages,100000,65536,11850000,252.983209,0.08716699999999378,395283.1509857242,44.67110957318145,294.096,10423952,14791680,104448000,104464384,10435072,100000,100000,300000
ablation,2,frame_owner,stream,messages,100000,65536,11850000,195.227,0.08558399999998301,512224.2312794849,57.88666859304329,231.382,10426136,14783600,105627648,105627648,10436104,100000,100000,300000
ablation,2,combined,stream,messages,100000,65536,11850000,185.81070900000003,0.054833999999999605,538182.1130664755,60.82017936551795,223.784,10412976,14389480,102531072,102531072,10418736,100000,100000,300000
ablation,3,line_owner,stream,messages,100000,65536,11850000,256.652958,0.06654100000000085,389631.1999645841,44.03238029079744,300.503,10425376,14829496,102907904,102907904,10432288,100000,100000,300000
ablation,3,chunk_owner,stream,messages,100000,65536,11850000,253.004542,0.060625000000015916,395249.82124629215,44.667342965779895,295.122,10424264,14847360,103612416,103612416,10435304,100000,100000,300000
ablation,3,frame_owner,stream,messages,100000,65536,11850000,198.18379099999999,0.09637500000002319,504582.13305648195,57.023031966393575,233.737,10426064,14753048,104038400,104038400,10436032,100000,100000,300000
ablation,3,baseline,stream,messages,100000,65536,11850000,249.929917,0.07962499999999295,400112.16424322664,45.2168383243774,290.657,10434424,14778320,104693760,104759296,10440240,100000,100000,300000
ablation,3,no_frame_cancellation,stream,messages,100000,65536,11850000,220.540375,0.087333000000001,453431.7129006423,51.24250219223605,258.818,10427456,14879976,103972864,103972864,10437560,100000,100000,300000
ablation,3,combined,stream,messages,100000,65536,11850000,175.89812499999996,0.06349999999997635,568510.8923133776,64.2476470366814,210.716,10412904,14547088,103448576,103448576,10418600,100000,100000,300000
ablation,3,no_guard,stream,messages,100000,65536,11850000,249.56283399999998,0.06333399999999756,400700.6908729046,45.283347958029935,290.005,10434016,14823264,105021440,105021440,10439768,100000,100000,300000
ablation,3,line_owner,stream,mixed,100000,65536,9316780,289.498208,0.09308299999997871,345425.2815271313,30.691636604560337,337.509,10466600,17450096,110411776,110657536,10624504,100000,100000,316666
ablation,3,baseline,stream,mixed,100000,65536,9316780,300.790666,0.06075000000001296,332457.1248497452,29.53939334542855,348.016,10491288,17824360,108707840,108969984,10665672,100000,100000,316666
ablation,3,chunk_owner,stream,mixed,100000,65536,9316780,312.79204200000004,0.06066699999999514,319701.2282045206,28.40600975905717,360.825,10471984,17944352,108216320,108478464,10658664,100000,100000,316666
ablation,3,no_guard,stream,mixed,100000,65536,9316780,305.22791700000005,0.09387499999999704,327624.0292266581,29.10996439951271,353.454,10490992,17796824,106496000,106741760,10665288,100000,100000,316666
ablation,3,frame_owner,stream,mixed,100000,65536,9316780,243.378167,0.06987499999999613,410883.1997243204,36.50768640067629,284.741,10493408,17331248,107708416,107937792,10661816,100000,100000,316666
ablation,3,combined,stream,mixed,100000,65536,9316780,230.151625,0.05645800000002055,434496.1718171662,38.60574000990617,270.644,10476416,15223256,109477888,109707264,10644440,100000,100000,316666
ablation,3,no_frame_cancellation,stream,mixed,100000,65536,9316780,277.84841700000004,0.07450000000000045,359908.4748429572,31.978493502114937,321.759,10455584,17800744,109248512,109494272,10641712,100000,100000,316666
ablation,4,combined,stream,messages,100000,65536,11850000,183.132667,0.061666999999999916,546052.2234408348,61.709583738078045,219.401,10412904,14633952,103956480,103956480,10418600,100000,100000,300000
ablation,4,no_guard,stream,messages,100000,65536,11850000,260.201,0.06716700000001197,384318.2770243004,43.431964709643935,298.531,10433952,14434224,104579072,104579072,10439768,100000,100000,300000
ablation,4,no_frame_cancellation,stream,messages,100000,65536,11850000,223.626833,0.0595000000000141,447173.5285899255,50.535262239366695,263.123,10427152,14680896,102973440,102973440,10438072,100000,100000,300000
ablation,4,line_owner,stream,messages,100000,65536,11850000,234.76912499999997,0.0865829999999903,425950.38849337626,48.13682654997357,277.119,10425272,14858048,105857024,105857024,10431752,100000,100000,300000
ablation,4,chunk_owner,stream,messages,100000,65536,11850000,253.383833,0.0795829999999853,394658.17063395673,44.60048028957736,295.276,10422656,14852552,103776256,103776256,10433280,100000,100000,300000
ablation,4,baseline,stream,messages,100000,65536,11850000,254.193166,0.06620799999998894,393401.60702825506,44.45847552571127,297.281,10434352,14666184,104841216,104841216,10440104,100000,100000,300000
ablation,4,frame_owner,stream,messages,100000,65536,11850000,192.25962500000003,0.0643750000000125,520130.0064951233,58.780103463813894,229.209,10424168,14354856,102973440,102973440,10434224,100000,100000,300000
ablation,4,line_owner,stream,mixed,100000,65536,9316780,286.99137499999995,0.07333399999998846,348442.527236228,30.959724129714434,335.45,10466544,17623840,107708416,107986944,10624808,100000,100000,316666
ablation,4,no_guard,stream,mixed,100000,65536,9316780,302.3865,0.0660000000000025,330702.5941965002,29.383500247555435,351.025,10490952,17705976,106070016,106315776,10665248,100000,100000,316666
ablation,4,chunk_owner,stream,mixed,100000,65536,9316780,307.99295799999993,0.06599999999997408,324682.74810361094,28.848626459853747,355.261,10456024,17019352,107806720,108052480,10642736,100000,100000,316666
ablation,4,no_frame_cancellation,stream,mixed,100000,65536,9316780,285.99325,0.0820410000000038,349658.60208239185,31.067774493305077,331.979,10488176,17540080,107806720,108052480,10661432,100000,100000,316666
ablation,4,baseline,stream,mixed,100000,65536,9316780,312.561708,0.0689999999999884,319936.8234831888,28.4269428090258,362.658,10491352,17743336,108396544,108642304,10665640,100000,100000,316666
ablation,4,combined,stream,mixed,100000,65536,9316780,238.586917,0.05720800000000281,419134.4657846432,37.24082573063896,280.02,10476352,17412464,108937216,109166592,10644440,100000,100000,316666
ablation,4,frame_owner,stream,mixed,100000,65536,9316780,246.21849999999998,0.07108300000001577,406143.32391757733,36.08654019745642,288.342,10477888,17455280,106233856,106479616,10646232,100000,100000,316666
ablation,5,no_frame_cancellation,stream,mixed,100000,65536,9316780,282.52529200000004,0.059750000000008185,353950.61196857376,31.44912703110283,329.076,10488144,18205080,106004480,106250240,10661400,100000,100000,316666
ablation,5,chunk_owner,stream,mixed,100000,65536,9316780,310.98875,0.059459000000003925,321555.04017428285,28.5707241744514,358.436,10465168,18277440,110477312,110739456,10606568,100000,100000,316666
ablation,5,line_owner,stream,mixed,100000,65536,9316780,288.405708,0.06837499999997476,346733.775463279,30.807898564918215,336.043,10466536,17769816,108658688,108904448,10623648,100000,100000,316666
ablation,5,frame_owner,stream,mixed,100000,65536,9316780,248.07224999999997,0.07783399999999574,403108.36863050994,35.8168791455208,289.98,10493416,17642896,109871104,110084096,10661824,100000,100000,316666
ablation,5,combined,stream,mixed,100000,65536,9316780,231.47779200000002,0.05675000000002228,432006.88556766603,38.38456260031814,271.871,10476448,17158168,107200512,107413504,10644472,100000,100000,316666
ablation,5,baseline,stream,mixed,100000,65536,9316780,303.289667,0.06208300000000122,329717.79417727405,29.295999054288327,352.329,10489280,17375944,106971136,107216896,10665536,100000,100000,316666
ablation,5,no_guard,stream,mixed,100000,65536,9316780,307.664875,0.07245800000001168,325028.9783648523,28.87938962030496,356.838,10484288,17756552,106233856,106496000,10614408,100000,100000,316666
ablation,5,line_owner,stream,messages,100000,65536,11850000,237.378042,0.06854200000000787,421268.9562920904,47.6077759939315,276.878,10424688,14493248,104136704,104136704,10432224,100000,100000,300000
ablation,5,no_guard,stream,messages,100000,65536,11850000,253.935416,0.06170800000001009,393800.9182618308,44.50360185053534,295.072,10433536,14852392,103989248,104103936,10439704,100000,100000,300000
ablation,5,chunk_owner,stream,messages,100000,65536,11850000,254.542875,0.05983399999999506,392861.1240837128,44.397395328445405,295.289,10423600,14711360,104677376,104693760,10434832,100000,100000,300000
ablation,5,combined,stream,messages,100000,65536,11850000,178.49741600000002,0.07320799999999394,560232.1996638875,63.31206861512248,215.863,10412944,14658792,102268928,102268928,10418664,100000,100000,300000
ablation,5,no_frame_cancellation,stream,messages,100000,65536,11850000,223.58454200000003,0.06883400000000961,447258.1114306194,50.544820980575935,264.296,10427272,14789088,102940672,102940672,10438080,100000,100000,300000
ablation,5,frame_owner,stream,messages,100000,65536,11850000,193.78925,0.058625000000006366,516024.4956828101,58.31613801804828,230.707,10426040,14862968,104398848,104398848,10436032,100000,100000,300000
ablation,5,baseline,stream,messages,100000,65536,11850000,253.43570799999998,0.08720800000000395,394577.38922882965,44.59135115014678,294.824,10433440,14747368,104890368,104890368,10440296,100000,100000,300000
ablation,6,line_owner,stream,messages,100000,65536,11850000,236.26141700000002,0.07466700000000515,423259.96885052114,47.832781132494695,278.018,10425344,14711304,105463808,105463808,10432224,100000,100000,300000
ablation,6,no_guard,stream,messages,100000,65536,11850000,252.90050000000002,0.06358399999999165,395412.4250446321,44.685718887127784,295.98,10435552,14675064,103038976,103038976,10441304,100000,100000,300000
ablation,6,chunk_owner,stream,messages,100000,65536,11850000,256.209291,0.06245799999999235,390305.9081491311,44.108629336998014,296.118,10424232,14716456,102334464,102334464,10435296,100000,100000,300000
ablation,6,baseline,stream,messages,100000,65536,11850000,249.77454100000003,0.060000000000002274,400361.0600169214,45.244966136937315,292.892,10434232,14754272,104497152,104513536,10440424,100000,100000,300000
ablation,6,frame_owner,stream,messages,100000,65536,11850000,199.921708,0.06024999999999636,500195.8066504714,56.52733143623434,237.417,10425944,14536440,102088704,102088704,10435936,100000,100000,300000
ablation,6,no_frame_cancellation,stream,messages,100000,65536,11850000,226.1465,0.08391699999998536,442191.2344431596,49.97221115256731,265.558,10426512,14817072,103464960,103464960,10438024,100000,100000,300000
ablation,6,combined,stream,messages,100000,65536,11850000,188.13475000000003,0.06583399999999529,531533.9138569562,60.06886367039614,223.795,10409296,14801728,105742336,105742336,10418664,100000,100000,300000
ablation,6,line_owner,stream,mixed,100000,65536,9316780,285.487084,0.07229200000000446,350278.54359954165,31.122857374547362,331.976,10466440,17601968,106151936,106397696,10623048,100000,100000,316666
ablation,6,frame_owner,stream,mixed,100000,65536,9316780,256.20187500000003,0.07466700000000515,390317.2059142814,34.68036210744914,299.803,10493344,17539424,108183552,108429312,10661752,100000,100000,316666
ablation,6,combined,stream,mixed,100000,65536,9316780,237.79941699999998,0.10550000000000637,420522.4775635174,37.3641529895232,279.517,10476256,17682096,106332160,106561536,10644344,100000,100000,316666
ablation,6,no_guard,stream,mixed,100000,65536,9316780,308.710042,0.06287499999999113,323928.5620647222,28.781615719541193,359.858,10490952,16179280,107397120,107642880,10665248,100000,100000,316666
ablation,6,chunk_owner,stream,mixed,100000,65536,9316780,309.337833,0.06920800000000327,323271.1596579912,28.723204373153482,357.065,10471968,17076648,108675072,108920832,10658648,100000,100000,316666
ablation,6,baseline,stream,mixed,100000,65536,9316780,301.769458,0.08033299999999599,331378.79712134425,29.44358205265233,350.253,10476736,17911416,106086400,106348544,10651056,100000,100000,316666
ablation,6,no_frame_cancellation,stream,mixed,100000,65536,9316780,280.077334,0.07458399999998733,357044.2440729602,31.724001620236148,324.081,10474216,17536392,108773376,109019136,10647472,100000,100000,316666
chunk-size,0,combined,stream,mixed,100000,64,9316780,273.59566700000005,0.06024999999999636,365502.8644879818,32.47556474499072,320.188,10475560,18088832,106790912,107020288,10657616,100000,100000,316666
chunk-size,0,baseline,stream,mixed,100000,64,9316780,360.85566600000004,0.07045799999997371,277119.10722776345,24.622514303564852,416.39,10483504,17963680,109445120,109707264,10652264,100000,100000,316666
chunk-size,1,baseline,stream,mixed,100000,64,9316780,365.607709,0.06429199999999469,273517.20857724035,24.3024793484522,420.38,10483512,18344328,106299392,106561536,10628496,100000,100000,316666
chunk-size,1,combined,stream,mixed,100000,64,9316780,270.86066600000004,0.07595799999998576,369193.5099945445,32.80348501250241,317.192,10475592,18405056,108412928,108642304,10657648,100000,100000,316666
chunk-size,2,combined,stream,mixed,100000,64,9316780,276.006167,0.0640420000000006,362310.7450349108,32.191939383758125,321.436,10475496,17672128,107806720,108019712,10657616,100000,100000,316666
chunk-size,2,baseline,stream,mixed,100000,64,9316780,372.886791,0.07841600000000426,268177.90925718256,23.828073324290592,429.635,10483376,17424200,105906176,106201088,10678808,100000,100000,316666
chunk-size,3,combined,stream,mixed,100000,64,9316780,278.871334,0.06179199999999696,358588.30868575396,31.861194444630232,325.206,10459568,18356304,107003904,107233280,10641640,100000,100000,316666
chunk-size,3,baseline,stream,mixed,100000,64,9316780,376.59400000000005,0.06887499999999136,265537.95333967084,23.593508652839454,437.174,10483656,17377152,107003904,107266048,10629720,100000,100000,316666
chunk-size,4,baseline,stream,mixed,100000,64,9316780,360.64583300000004,0.08154099999998721,277280.34223536967,24.636840314213256,414.494,10483656,18122912,106283008,106561536,10628640,100000,100000,316666
chunk-size,4,combined,stream,mixed,100000,64,9316780,278.46683299999995,0.06166600000000244,359109.19416388817,31.907476024648954,323.485,10475504,18145568,106938368,107184128,10657624,100000,100000,316666
chunk-size,0,baseline,stream,mixed,100000,4096,9316780,305.18445800000006,0.07354200000000333,327670.68367551,29.114109728377517,356.233,10486024,17181472,107544576,107790336,10670656,100000,100000,316666
chunk-size,0,combined,stream,mixed,100000,4096,9316780,234.37574999999998,0.09145800000001714,426665.30133770243,37.909953557940284,276.95,10474304,16910712,106921984,107151360,10646576,100000,100000,316666
chunk-size,1,combined,stream,mixed,100000,4096,9316780,238.15808299999998,0.07224999999999682,419889.1708412013,37.307882586573484,281.802,10474456,17273904,108216320,108429312,10649784,100000,100000,316666
chunk-size,1,baseline,stream,mixed,100000,4096,9316780,307.371167,0.06224999999997749,325339.559256708,28.90698527232849,356.651,10485928,16808232,110395392,110673920,10670656,100000,100000,316666
chunk-size,2,baseline,stream,mixed,100000,4096,9316780,308.79112499999997,0.07154199999999378,323843.50424579077,28.77405818450068,357.602,10485960,15812000,107020288,107282432,10670592,100000,100000,316666
chunk-size,2,combined,stream,mixed,100000,4096,9316780,233.603834,0.08050000000000068,428075.1659238607,38.03522247673136,276.088,10474512,15630512,105857024,106070016,10646784,100000,100000,316666
chunk-size,3,combined,stream,mixed,100000,4096,9316780,236.228708,0.06216600000001904,423318.5748109836,37.61259108951069,278.924,10458520,15912616,106201088,106414080,10633864,100000,100000,316666
chunk-size,3,baseline,stream,mixed,100000,4096,9316780,316.981291,0.0676249999999925,315476.0323062726,28.030593760208458,368.045,10485752,16612408,108822528,109068288,10670384,100000,100000,316666
chunk-size,4,combined,stream,mixed,100000,4096,9316780,235.16462499999997,0.0912919999999815,425234.02488788444,37.78278215784973,277.545,10474584,17799992,106397696,106627072,10649848,100000,100000,316666
chunk-size,4,baseline,stream,mixed,100000,4096,9316780,307.042708,0.06679099999999494,325687.5913171011,28.937908525765806,355.594,10485704,16868560,107102208,107347968,10670432,100000,100000,316666
memory,0,baseline,parse,mixed,100000,65536,9316780,316.154125,316.105,316301.4241867,28.103931263295777,413.297,10496288,114496936,237551616,237649920,10576176,100000,100000,0
memory,0,combined,parse,mixed,100000,65536,9316780,251.05499999999998,251.0105,398319.0934257434,35.39134371993158,348.386,10461544,92715336,236830720,236896256,10535904,100000,100000,0
memory,0,baseline,stream,mixed,100000,65536,9316780,296.110958,0.05987500000000523,337711.24403981026,30.00623096699928,341.309,10491256,16977288,106037248,106315776,10665640,100000,100000,316666
memory,0,combined,stream,mixed,100000,65536,9316780,229.14625,0.053124999999994316,436402.5158605039,38.77512199133707,267.986,10476552,15875488,105676800,105906176,10644576,100000,100000,316666
memory,0,combined,stream,mixed,500000,65536,46583384,1065.8293749999998,0.09074999999998568,469118.2394930709,41.681509192866685,1126.561,10476416,32353192,125370368,125370368,10770336,500000,500000,1583333
memory,0,baseline,stream,mixed,500000,65536,46583384,1451.882542,0.057749999999998636,344380.47537319304,30.598464825462337,1531.516,10484568,30093280,124878848,124878848,10775336,500000,500000,1583333
memory,0,baseline,parse,mixed,500000,65536,46583384,1548.108625,1548.059958,322974.7524983914,28.696550212740945,1879.649,10480392,409006648,555319296,556072960,11056400,500000,500000,0
memory,0,combined,parse,mixed,500000,65536,46583384,1189.082208,1189.028375,420492.37356009614,37.361064351313416,1560.935,10461200,392022136,553992192,554336256,10936952,500000,500000,0
memory,1,combined,parse,mixed,100000,65536,9316780,256.10070799999994,256.051875,390471.392214972,34.6940618282376,353.379,10461408,92969800,237813760,237895680,10537424,100000,100000,0
memory,1,baseline,parse,mixed,100000,65536,9316780,320.200667,320.151292,312304.15894168016,27.7487672991244,416.32,10496320,114269952,241139712,241254400,10579688,100000,100000,0
memory,1,combined,stream,mixed,100000,65536,9316780,230.88320900000002,0.05662499999999682,433119.4132008101,38.483412614069394,273.031,10476416,15105392,108019712,108249088,10644440,100000,100000,316666
memory,1,baseline,stream,mixed,100000,65536,9316780,307.687875,0.05920799999998394,325004.6820987014,28.877230854831122,356.962,10491288,18329688,106807296,107053056,10665576,100000,100000,316666
memory,1,combined,parse,mixed,500000,65536,46583384,1191.7759999999998,1191.7101249999998,419541.92734205094,37.27661648840877,1585.319,10461544,387802808,551714816,551878656,10898048,500000,500000,0
memory,1,baseline,parse,mixed,500000,65536,46583384,1566.439167,1566.392584,319195.28733285307,28.36074188388182,1923.216,10496224,402869048,557170688,557760512,11037424,500000,500000,0
memory,1,combined,stream,mixed,500000,65536,46583384,1081.198167,0.06137499999999818,462449.9146047849,41.08902350006466,1147.01,10476352,31861624,125140992,125140992,10770328,500000,500000,1583333
memory,1,baseline,stream,mixed,500000,65536,46583384,1481.978917,0.05404199999998127,337386.7160081874,29.977064034096408,1568.877,10491360,29757448,125222912,126287872,11143512,500000,500000,1583333
memory,2,combined,stream,mixed,100000,65536,9316780,235.17112499999996,0.050249999999977035,425222.2716543114,37.78173786261992,275.208,10460224,18069752,106250240,106463232,10627880,100000,100000,316666
memory,2,baseline,stream,mixed,100000,65536,9316780,307.88866700000005,0.06091699999998923,324792.7277557117,28.858398343084904,355.549,10484808,18371400,108593152,108855296,10616352,100000,100000,316666
memory,2,baseline,parse,mixed,100000,65536,9316780,323.95337500000005,323.893417,308686.39661494497,27.42732282880961,427.67,10496296,113565712,242466816,242532352,10590392,100000,100000,0
memory,2,combined,parse,mixed,100000,65536,9316780,256.477459,256.426959,389897.8116435566,34.64309819759803,354.377,10461472,92901128,238927872,239009792,10535680,100000,100000,0
memory,2,combined,stream,mixed,500000,65536,46583384,1076.39525,0.05274999999997476,464513.3839080022,41.272364303066034,1140.032,10476392,31440632,126763008,126763008,10780280,500000,500000,1583333
memory,2,baseline,stream,mixed,500000,65536,46583384,1457.540416,0.06295800000000895,343043.6607529379,30.47968783878295,1539.532,10484616,29694536,127238144,127238144,10733800,500000,500000,1583333
memory,2,combined,parse,mixed,500000,65536,46583384,1177.344208,1177.294791,424684.6390397327,37.733550299242516,1532.865,10461408,404533648,548536320,548929536,10897552,500000,500000,0
memory,2,baseline,parse,mixed,500000,65536,46583384,1525.3995,1525.346917,327782.9840641747,29.12376521172968,1873.78,10496392,403613096,557006848,557662208,11031032,500000,500000,0
memory,3,baseline,parse,mixed,100000,65536,9316780,317.253791,317.20070799999996,315205.059283279,28.006517336170845,420.525,10496224,109652768,239550464,239632384,10572680,100000,100000,0
memory,3,combined,parse,mixed,100000,65536,9316780,249.129875,249.07979199999997,401397.06247594755,35.66482661947879,346.404,10461384,93077992,237273088,237338624,10537568,100000,100000,0
memory,3,combined,stream,mixed,100000,65536,9316780,228.424875,0.06658399999997755,437780.69266755646,38.89757539588201,268.008,10476392,15539008,108019712,108249088,10644480,100000,100000,316666
memory,3,baseline,stream,mixed,100000,65536,9316780,303.630458,0.06645800000001145,329347.7230798763,29.26311759410982,349.283,10491192,18141296,106872832,107118592,10665576,100000,100000,316666
memory,3,combined,stream,mixed,500000,65536,46583384,1075.476375,0.06150000000002365,464910.25895385194,41.307626950047926,1136.017,10476288,30047656,125911040,125911040,10777872,500000,500000,1583333
memory,3,baseline,stream,mixed,500000,65536,46583384,1433.076125,0.0755410000000154,348899.81856337184,31.000011874519117,1512.64,10491352,29779544,125206528,126238720,11143504,500000,500000,1583333
memory,3,baseline,parse,mixed,500000,65536,46583384,1520.61125,1520.5614580000001,328815.139306644,29.215472983045366,1865.833,10496320,407092872,555696128,556335104,10982056,500000,500000,0
memory,3,combined,parse,mixed,500000,65536,46583384,1177.407875,1177.363125,424661.6746979036,37.731509900160844,1552.547,10461440,387873160,549257216,549404672,10947440,500000,500000,0
memory,4,combined,stream,mixed,100000,65536,9316780,230.454542,0.0676249999999925,433925.05581426114,38.554995360462115,270.219,10476352,17658680,105250816,105463808,10644376,100000,100000,316666
memory,4,baseline,stream,mixed,100000,65536,9316780,298.28325,0.05554100000000517,335251.81182651053,29.787706140413256,344.437,10491288,17663912,107380736,107626496,10665576,100000,100000,316666
memory,4,baseline,parse,mixed,100000,65536,9316780,319.02866599999993,318.982583,313451.4564280566,27.850706674764528,419.57,10496224,114029584,240369664,240451584,10578880,100000,100000,0
memory,4,combined,parse,mixed,100000,65536,9316780,247.64762500000003,247.603375,403799.5518834472,35.87829197880424,342.952,10461472,92830888,239992832,240058368,10535680,100000,100000,0
memory,4,combined,parse,mixed,500000,65536,46583384,1186.265625,1186.212291,421490.7601322427,37.44977175081664,1556.687,10461504,400076320,549093376,549322752,10954864,500000,500000,0
memory,4,baseline,parse,mixed,500000,65536,46583384,1540.508625,1540.460416,324568.12762083695,28.838122793431193,2017.057,10496512,416504264,549322752,549453824,10859520,500000,500000,0
memory,4,baseline,stream,mixed,500000,65536,46583384,1469.181333,0.061666999999999916,340325.5872976709,30.238184963441707,1550.444,10491192,30205568,123453440,124534784,11143344,500000,500000,1583333
memory,4,combined,stream,mixed,500000,65536,46583384,1077.484625,0.05387499999997658,464043.7444757042,41.23063648549959,1140.434,10476416,32256448,125468672,125468672,10772608,500000,500000,1583333
chunk-components,0,baseline,stream,mixed,100000,64,9316780,358.947125,0.06450000000000955,278592.5642948108,24.75343352480514,411.926,10483728,18126024,106725376,106987520,10628560,100000,100000,316666
chunk-components,0,chunk_owner,stream,mixed,100000,64,9316780,342.737166,0.06079099999999471,291768.7660403891,25.92416194982315,392.251,10472864,17843144,106889216,107151360,10673696,100000,100000,316666
chunk-components,0,combined,stream,mixed,100000,64,9316780,274.33329100000003,0.10187500000000682,364520.10485304164,32.38824484341356,319.674,10475400,17959760,107216896,107446272,10654224,100000,100000,316666
chunk-components,0,frame_line,stream,mixed,100000,64,9316780,282.789583,0.062375000000002956,353619.81491376227,31.419735137865466,330.154,10478848,17770968,105332736,105562112,10666272,100000,100000,316666
chunk-components,0,baseline,stream,mixed,100000,4096,9316780,305.36912499999994,0.06820799999999849,327472.53017147694,29.096503445158127,354.434,10486024,16411464,108167168,108412928,10670656,100000,100000,316666
chunk-components,0,chunk_owner,stream,mixed,100000,4096,9316780,312.972166,0.08312499999999545,319517.2314460705,28.389661327286916,359.495,10463216,17874848,108216320,108462080,10609952,100000,100000,316666
chunk-components,0,combined,stream,mixed,100000,4096,9316780,232.144583,0.08137500000000841,430766.0282557616,38.27431027157512,273.457,10458840,17341696,107855872,108085248,10631176,100000,100000,316666
chunk-components,0,frame_line,stream,mixed,100000,4096,9316780,233.94116699999998,0.060584000000005744,427457.9001309334,37.98037733823659,275.762,10479368,18439392,106430464,106676224,10660528,100000,100000,316666
chunk-components,0,baseline,stream,mixed,100000,65536,9316780,307.791583,0.09345799999999826,324895.174277719,28.867500894614853,357.579,10491320,17108000,109527040,109789184,10665608,100000,100000,316666
chunk-components,0,chunk_owner,stream,mixed,100000,65536,9316780,301.77649999999994,0.11045799999999417,331371.0643472902,29.442894982238258,348.451,10464912,17037792,106594304,106872832,10605040,100000,100000,316666
chunk-components,0,combined,stream,mixed,100000,65536,9316780,230.30437499999996,0.062124999999980446,434207.9910553155,38.58013464836447,270.44,10476272,15260624,108920832,109150208,10644296,100000,100000,316666
chunk-components,0,frame_line,stream,mixed,100000,65536,9316780,228.79950000000002,0.052958000000018046,437063.89218507905,38.833886427231796,268.246,10484704,15915896,106397696,106627072,10652720,100000,100000,316666
chunk-components,1,frame_line,stream,mixed,100000,64,9316780,282.729208,0.07445799999999281,353695.32814593386,31.426444619784103,328.5,10478848,17774128,109854720,110084096,10666272,100000,100000,316666
chunk-components,1,combined,stream,mixed,100000,64,9316780,268.50649999999996,0.05258299999999849,372430.4625772561,33.09109387522247,312.307,10475512,17846632,105988096,106217472,10657632,100000,100000,316666
chunk-components,1,chunk_owner,stream,mixed,100000,64,9316780,347.588791,0.09574999999998113,287696.27384215617,25.56231394011616,397.626,10464176,18450200,109740032,110002176,10620720,100000,100000,316666
chunk-components,1,baseline,stream,mixed,100000,64,9316780,357.814208,0.05970800000000054,279474.6484745514,24.831808237216286,413.503,10483216,18631320,106774528,107053056,10679944,100000,100000,316666
chunk-components,1,frame_line,stream,mixed,100000,4096,9316780,233.049375,0.06091699999998923,429093.62018241844,38.125713907653356,275.199,10479056,17694352,106135552,106364928,10657536,100000,100000,316666
chunk-components,1,combined,stream,mixed,100000,4096,9316780,229.998959,0.056667000000004464,434784.57656845305,38.63136527329857,270.882,10474520,15890688,107659264,107872256,10646856,100000,100000,316666
chunk-components,1,chunk_owner,stream,mixed,100000,4096,9316780,300.35845900000004,0.0716250000000116,332935.5208870611,29.581899664784938,347.582,10470016,18086920,109477888,109707264,10661184,100000,100000,316666
chunk-components,1,baseline,stream,mixed,100000,4096,9316780,297.11520900000005,0.05912499999999454,336569.7782236384,29.904809745392136,344.401,10485960,18473016,107495424,107757568,10670592,100000,100000,316666
chunk-components,1,frame_line,stream,mixed,100000,65536,9316780,228.48495899999998,0.07704200000000583,437665.5708002206,38.88734661789017,268.49,10484536,15979184,110231552,110460928,10652616,100000,100000,316666
chunk-components,1,combined,stream,mixed,100000,65536,9316780,233.147292,0.05683299999998326,428913.40981133934,38.10970190298166,273.57,10476416,15256352,108675072,108904448,10644440,100000,100000,316666
chunk-components,1,chunk_owner,stream,mixed,100000,65536,9316780,303.34283400000004,0.055959000000001424,329660.00442917994,29.29086433473296,349.415,10471888,17396432,106627072,106872832,10658680,100000,100000,316666
chunk-components,1,baseline,stream,mixed,100000,65536,9316780,302.9115,0.055749999999989086,330129.42724195024,29.33257336749322,349.886,10491192,18017232,107429888,107675648,10665576,100000,100000,316666
chunk-components,2,baseline,stream,mixed,100000,64,9316780,355.0857500000001,0.06008400000001757,281622.1152214641,25.022614389925305,408.973,10483408,17739056,106151936,106430464,10678016,100000,100000,316666
chunk-components,2,chunk_owner,stream,mixed,100000,64,9316780,352.945416,0.08754100000001586,283329.92997421446,25.17435669884836,403.968,10467296,18014960,109117440,109395968,10632328,100000,100000,316666
chunk-components,2,combined,stream,mixed,100000,64,9316780,276.20458299999996,0.06229099999998766,362050.4732899382,32.16881378687125,321.731,10459480,17383648,108642304,108871680,10641616,100000,100000,316666
chunk-components,2,frame_line,stream,mixed,100000,64,9316780,287.155041,0.0730000000000075,348243.930009921,30.942078420999835,335.59,10478848,17716176,106266624,106496000,10666272,100000,100000,316666
chunk-components,2,baseline,stream,mixed,100000,4096,9316780,304.777417,0.05833299999997621,328108.2994413592,29.152992649738945,353.245,10469968,15979872,107200512,107446272,10654632,100000,100000,316666
chunk-components,2,chunk_owner,stream,mixed,100000,4096,9316780,300.061333,0.05629200000001333,333265.1994850666,29.611192181191242,347.053,10469816,16609784,108412928,108658688,10661096,100000,100000,316666
chunk-components,2,combined,stream,mixed,100000,4096,9316780,229.407375,0.05741599999998925,435905.77678681863,38.7309858613195,270.485,10472688,15589840,106479616,106708992,10644960,100000,100000,316666
chunk-components,2,frame_line,stream,mixed,100000,4096,9316780,232.52949999999998,0.05908400000001279,430052.96102214995,38.210953008574926,274.016,10479288,17605312,106905600,107134976,10657520,100000,100000,316666
chunk-components,2,baseline,stream,mixed,100000,65536,9316780,311.690916,0.0629160000000013,320830.65263281524,28.506361082423787,360.823,10484544,18398944,107462656,107724800,10613904,100000,100000,316666
chunk-components,2,chunk_owner,stream,mixed,100000,65536,9316780,298.037375,0.05874999999997499,335528.38800838316,29.812280414855426,343.336,10471968,18172520,108183552,108445696,10658648,100000,100000,316666
chunk-components,2,combined,stream,mixed,100000,65536,9316780,226.370458,0.061292000000008784,441753.75569545384,39.25058895099917,265.388,10476488,17774296,106512384,106741760,10644512,100000,100000,316666
chunk-components,2,frame_line,stream,mixed,100000,65536,9316780,229.655208,0.06254199999997923,435435.3679625676,38.68918921972552,269.006,10484632,15342704,106217472,106463232,10652648,100000,100000,316666
chunk-components,3,frame_line,stream,mixed,100000,64,9316780,278.388917,0.07133400000000734,359209.7023029117,31.91640634748194,324.083,10483608,18359752,109772800,110002176,10666160,100000,100000,316666
chunk-components,3,combined,stream,mixed,100000,64,9316780,266.555917,0.06204199999999105,375155.8064269119,33.33324541284679,310.132,10475432,17981904,107675648,107905024,10657552,100000,100000,316666
chunk-components,3,chunk_owner,stream,mixed,100000,64,9316780,345.626625,0.06270899999998392,289329.5619224937,25.70743442466975,394.529,10467296,18290672,105431040,105693184,10632664,100000,100000,316666
chunk-components,3,baseline,stream,mixed,100000,64,9316780,354.91604199999995,0.0863339999999937,281756.77671960514,25.03457929807361,407.162,10491976,17084560,107970560,108232704,10681232,100000,100000,316666
chunk-components,3,frame_line,stream,mixed,100000,4096,9316780,227.958167,0.06179199999999696,438676.9788335769,38.97721197945683,267.292,10463304,18372144,106201088,106414080,10641576,100000,100000,316666
chunk-components,3,combined,stream,mixed,100000,4096,9316780,232.628417,0.05333399999997823,429870.096223025,38.19470515335803,273.911,10458328,15753272,105906176,106135552,10630616,100000,100000,316666
chunk-components,3,chunk_owner,stream,mixed,100000,4096,9316780,302.590792,0.05966700000001879,330479.3227151472,29.363662188396734,349.601,10469888,17494576,109576192,109838336,10661168,100000,100000,316666
chunk-components,3,baseline,stream,mixed,100000,4096,9316780,306.816458,0.055292000000008557,325927.75710877933,28.959247673758824,354.242,10478840,16156816,106119168,106381312,10616504,100000,100000,316666
chunk-components,3,frame_line,stream,mixed,100000,65536,9316780,226.05458299999998,0.06366699999998104,442371.0356715042,39.30543534968908,264.285,10484632,17381664,105906176,106135552,10652648,100000,100000,316666
chunk-components,3,combined,stream,mixed,100000,65536,9316780,228.4175,0.061750000000017735,437794.82745411363,38.89883129623353,267.793,10476464,15620304,108281856,108511232,10644552,100000,100000,316666
chunk-components,3,chunk_owner,stream,mixed,100000,65536,9316780,303.292875,0.06454199999998878,329714.3066746952,29.295689183622997,348.983,10456024,18434840,106283008,106545152,10642736,100000,100000,316666
chunk-components,3,baseline,stream,mixed,100000,65536,9316780,297.564083,0.06074999999998454,336062.0643184279,29.85969848251955,343.492,10491352,18140400,106528768,106774528,10665640,100000,100000,316666
chunk-components,4,baseline,stream,mixed,100000,64,9316780,351.943541,0.058374999999983856,284136.4831298325,25.246020348495108,402.843,10483168,17025144,105627648,105889792,10680536,100000,100000,316666
chunk-components,4,chunk_owner,stream,mixed,100000,64,9316780,345.44149999999996,0.06795900000000188,289484.61606379086,25.72121125460439,395.172,10451200,18113232,108150784,108429312,10616040,100000,100000,316666
chunk-components,4,combined,stream,mixed,100000,64,9316780,268.200958,0.054957999999999174,372854.7457313705,33.12879217085951,310.754,10475416,17832936,106364928,106627072,10657472,100000,100000,316666
chunk-components,4,frame_line,stream,mixed,100000,64,9316780,279.484833,0.061790999999999485,357801.16912462295,31.79125572659402,324.467,10478848,17776640,108740608,108986368,10666272,100000,100000,316666
chunk-components,4,baseline,stream,mixed,100000,4096,9316780,301.52087499999993,0.07145899999997596,331651.99590243964,29.46785623916561,350.39,10485960,17375328,105840640,106102784,10670592,100000,100000,316666
chunk-components,4,chunk_owner,stream,mixed,100000,4096,9316780,302.970125,0.06691700000001788,330065.5468917934,29.326897487359265,349.761,10454032,16165216,106102784,106364928,10645232,100000,100000,316666
chunk-components,4,combined,stream,mixed,100000,4096,9316780,232.611791,0.05308299999998667,429900.82132165,38.19743513177035,272.121,10474520,15858136,106463232,106692608,10646792,100000,100000,316666
chunk-components,4,frame_line,stream,mixed,100000,4096,9316780,231.276875,0.05908300000001532,432382.18261121004,38.41790839489431,273.764,10479144,18077168,107708416,107921408,10660304,100000,100000,316666
chunk-components,4,baseline,stream,mixed,100000,65536,9316780,305.08475,0.06020800000001714,327777.7732253087,29.123624820996206,353.385,10491208,18025968,109985792,110264320,10665496,100000,100000,316666
chunk-components,4,chunk_owner,stream,mixed,100000,65536,9316780,304.780584,0.0640420000000006,328104.8900411583,29.15268971860564,350.333,10472032,18297128,107085824,107347968,10658712,100000,100000,316666
chunk-components,4,combined,stream,mixed,100000,65536,9316780,227.269125,0.05954199999999332,440006.97411053965,39.09538437131494,266.524,10476480,15523304,105267200,105463808,10644504,100000,100000,316666
chunk-components,4,frame_line,stream,mixed,100000,65536,9316780,227.36941700000003,0.056250000000005684,439812.8882918321,39.07813950900626,266.765,10484456,15642200,106446848,106676224,10652472,100000,100000,316666
chunk-components,5,frame_line,stream,mixed,100000,64,9316780,284.69237499999997,0.05750000000000455,351256.33413961297,31.20973576340927,330.901,10463280,17479776,107560960,107790336,10650728,100000,100000,316666
chunk-components,5,combined,stream,mixed,100000,64,9316780,270.829833,0.06337499999997931,369235.5413445165,32.8072195709969,313.224,10475368,18277728,105742336,105971712,10657424,100000,100000,316666
chunk-components,5,chunk_owner,stream,mixed,100000,64,9316780,345.92483400000003,0.06587500000000546,289080.1416124984,25.685272996640133,394.435,10467416,17745312,106463232,106725376,10632224,100000,100000,316666
chunk-components,5,baseline,stream,mixed,100000,64,9316780,366.0310410000001,0.05895799999998985,273200.87314671214,24.274372395666358,425.251,10483536,16892888,109559808,109838336,10678872,100000,100000,316666
chunk-components,5,frame_line,stream,mixed,100000,4096,9316780,229.96824999999998,0.05679100000000403,434842.635885606,38.63652394453331,270.811,10479240,18243208,105709568,105938944,10657472,100000,100000,316666
chunk-components,5,combined,stream,mixed,100000,4096,9316780,228.940792,0.054417000000000826,436794.1559318097,38.80991989233366,269.453,10474368,15725232,105889792,106102784,10646640,100000,100000,316666
chunk-components,5,chunk_owner,stream,mixed,100000,4096,9316780,302.95275,0.06916599999999562,330084.4768697429,29.32857944879993,350.025,10469880,15913328,107331584,107577344,10661184,100000,100000,316666
chunk-components,5,baseline,stream,mixed,100000,4096,9316780,303.952458,0.05924999999999159,328998.8199404527,29.232116943786725,350.536,10485936,16646112,106758144,107003904,10670664,100000,100000,316666
chunk-components,5,frame_line,stream,mixed,100000,65536,9316780,224.33016700000002,0.05366699999999014,445771.5221154362,39.607574480196504,263.212,10484728,15521024,105889792,106102784,10652744,100000,100000,316666
chunk-components,5,combined,stream,mixed,100000,65536,9316780,226.56916700000002,0.06737500000002683,441366.32236459607,39.21616482620259,265.385,10460160,15169000,107921408,108134400,10627880,100000,100000,316666
chunk-components,5,chunk_owner,stream,mixed,100000,65536,9316780,300.978166,0.0664160000000038,332250.01444124687,29.520991225680543,345.628,10465056,18212504,108265472,108527616,10607304,100000,100000,316666
chunk-components,5,baseline,stream,mixed,100000,65536,9316780,302.124917,0.06362500000000182,330988.9200565341,29.408940797846945,348.434,10492856,18193624,107003904,107266048,10667240,100000,100000,316666
chunk-components,6,baseline,stream,mixed,100000,64,9316780,365.727125,0.06837500000000318,273427.90065133944,24.294544184020864,421.095,10483728,18004280,106774528,107053056,10628560,100000,100000,316666
chunk-components,6,chunk_owner,stream,mixed,100000,64,9316780,346.578917,0.14974999999998317,288534.5734980181,25.636798321484232,397.06,10451256,18169352,105545728,105807872,10614632,100000,100000,316666
chunk-components,6,combined,stream,mixed,100000,64,9316780,270.920166,0.05720800000000281,369112.42701659945,32.79628064899171,313.936,10475352,17905576,105267200,105496576,10657408,100000,100000,316666
chunk-components,6,frame_line,stream,mixed,100000,64,9316780,283.771666,0.061166000000014265,352395.9999586429,31.310997052141992,330.316,10478848,17609104,105644032,105889792,10666272,100000,100000,316666
chunk-components,6,baseline,stream,mixed,100000,4096,9316780,303.80875,0.060791999999992186,329154.44337926415,29.245944356794933,350.751,10479152,16875992,105578496,105840640,10618856,100000,100000,316666
chunk-components,6,chunk_owner,stream,mixed,100000,4096,9316780,299.03700000000003,0.0714580000000069,334406.7790942258,29.712623513503083,345.207,10469992,15998968,107298816,107544576,10661160,100000,100000,316666
chunk-components,6,combined,stream,mixed,100000,4096,9316780,226.46283299999996,0.06074999999998454,441573.5627576469,39.234578495304014,265.692,10474520,17611240,108675072,108920832,10646792,100000,100000,316666
chunk-components,6,frame_line,stream,mixed,100000,4096,9316780,232.401791,0.05812499999998977,430289.2829255348,38.231950620412476,272.7,10479096,18461104,105414656,105644032,10657328,100000,100000,316666
chunk-components,6,baseline,stream,mixed,100000,65536,9316780,298.89545799999996,0.06016699999997854,334565.13748696714,29.72669393192125,344.532,10491144,17948768,105873408,106135552,10665432,100000,100000,316666
chunk-components,6,chunk_owner,stream,mixed,100000,65536,9316780,297.546333,0.06916599999999562,336082.1119580056,29.861479750138347,342.449,10471856,17450648,106463232,106725376,10658648,100000,100000,316666
chunk-components,6,combined,stream,mixed,100000,65536,9316780,231.35375000000002,0.05837500000001228,432238.50920938165,38.40514276344093,271.767,10476192,17563280,110346240,110559232,10644280,100000,100000,316666
chunk-components,6,frame_line,stream,mixed,100000,65536,9316780,227.369875,0.059082999999986896,439812.00235959137,39.07806079238695,266.923,10484696,16210408,109232128,109461504,10652712,100000,100000,316666
final,0,final,stream,messages,100000,65536,11850000,174.466541,0.05808299999999633,573175.8045228855,64.77483066173738,209.081,10405136,14810168,104595456,104611840,10414592,100000,100000,300000
final,0,baseline,stream,messages,100000,65536,11850000,251.403083,0.06233299999999531,397767.5961913323,44.95187773577965,290.794,10430680,14857944,102825984,102875136,10440104,100000,100000,300000
final,0,baseline,stream,mixed,100000,65536,9316780,293.99704099999997,0.06216599999999062,340139.47779834975,30.221983756657682,339.549,10491352,18114944,108249088,108494848,10665640,100000,100000,316666
final,0,final,stream,mixed,100000,65536,9316780,229.593958,0.06120799999999349,435551.5313691313,38.699510540287925,271.405,10472344,15280136,106348544,106561536,10640368,100000,100000,316666
final,1,final,stream,messages,100000,65536,11850000,177.1965,0.06704100000001745,564345.2325525617,63.77688413379533,212.033,10388768,14585632,103202816,103251968,10399200,100000,100000,300000
final,1,baseline,stream,messages,100000,65536,11850000,253.15654200000003,0.06974999999999909,395012.5057404205,44.640523843993975,292.415,10430096,14831400,103006208,103006208,10440248,100000,100000,300000
final,1,final,stream,mixed,100000,65536,9316780,231.05654199999998,0.05591699999999378,432794.49754770414,38.45454329359531,271.652,10472280,15156880,105283584,105545728,10640368,100000,100000,316666
final,1,baseline,stream,mixed,100000,65536,9316780,304.664917,0.060374999999993406,328229.4561011106,29.163757629525232,352.299,10484880,17659088,110051328,110329856,10616464,100000,100000,316666
final,2,baseline,stream,messages,100000,65536,11850000,257.824125,0.06566700000001902,387861.2988602211,43.83236304753895,301.466,10434280,14782184,102973440,102973440,10440120,100000,100000,300000
final,2,final,stream,messages,100000,65536,11850000,179.15637500000003,0.061499999999995225,558171.5972987284,63.079199104213075,214.653,10405072,14718648,102563840,102612992,10414576,100000,100000,300000
final,2,baseline,stream,mixed,100000,65536,9316780,297.059417,0.061208999999990965,336632.99083361495,29.91042629565055,343.687,10491192,18275176,105791488,106037248,10665576,100000,100000,316666
final,2,final,stream,mixed,100000,65536,9316780,227.830042,0.10012499999999136,438923.67802837875,38.99913163167227,268.13,10472344,15243128,105627648,105873408,10640368,100000,100000,316666
final,3,baseline,stream,messages,100000,65536,11850000,248.725084,0.067875000000015,402050.3215510021,45.435870269578686,288.433,10434120,14856648,102301696,102301696,10439960,100000,100000,300000
final,3,final,stream,messages,100000,65536,11850000,176.05766600000004,0.06841600000001336,567995.715676476,64.18942671552888,212.061,10405176,14712456,104300544,104300544,10414592,100000,100000,300000
final,3,final,stream,mixed,100000,65536,9316780,224.54395799999998,0.05908300000001532,445347.0976938957,39.56986363270315,264.727,10472256,15256576,105086976,105332736,10640368,100000,100000,316666
final,3,baseline,stream,mixed,100000,65536,9316780,308.549083,0.07237500000002228,324097.54398783937,28.796630057096692,357.502,10491128,18077024,107610112,107872256,10665416,100000,100000,316666
final,4,baseline,stream,messages,100000,65536,11850000,248.162583,0.06912500000001387,402961.6342283155,45.53885808568515,286.831,10434008,14565976,104284160,104284160,10440104,100000,100000,300000
final,4,final,stream,messages,100000,65536,11850000,175.289708,0.05741699999998673,570484.14958852,64.47064564346277,209.914,10405240,14536744,103383040,103497728,10414608,100000,100000,300000
final,4,baseline,stream,mixed,100000,65536,9316780,300.7505,0.05737499999997908,332501.5253507476,29.543338407109623,346.144,10484552,17786928,106708992,106971136,10615472,100000,100000,316666
final,4,final,stream,mixed,100000,65536,9316780,233.921333,0.056707999999986214,427494.1439394072,37.98359766361036,274.217,10472280,15450328,106938368,107167744,10640368,100000,100000,316666
final,5,final,stream,messages,100000,65536,11850000,174.921459,0.06083399999999983,571685.1469893126,64.60637084792474,209.745,10405160,14811952,103841792,103907328,10414528,100000,100000,300000
final,5,baseline,stream,messages,100000,65536,11850000,270.925709,0.10316699999998491,369104.8751670887,41.71269198160173,314.631,10434144,14700640,106823680,106823680,10440312,100000,100000,300000
final,5,final,stream,mixed,100000,65536,9316780,227.41670800000003,0.06400000000002137,439721.42979046196,39.07001326220684,267.673,10472384,15278872,107134976,107331584,10640432,100000,100000,316666
final,5,baseline,stream,mixed,100000,65536,9316780,297.66870800000004,0.07174999999998022,335943.94476963294,29.849203355320174,345.098,10491288,17506704,106987520,107249664,10665576,100000,100000,316666
final,6,final,stream,messages,100000,65536,11850000,175.231084,0.0519170000000031,570675.0064959936,64.49221446015856,209.345,10405240,14720736,102481920,102481920,10414608,100000,100000,300000
final,6,baseline,stream,messages,100000,65536,11850000,257.452542,0.08912499999999568,388421.10170347436,43.895626594411574,299.434,10430680,14608912,103645184,103645184,10440104,100000,100000,300000
final,6,baseline,stream,mixed,100000,65536,9316780,305.57683299999997,0.057582999999993945,327249.9391339657,29.07672584461736,352.904,10484600,17717976,107905024,108183552,10616144,100000,100000,316666
final,6,final,stream,mixed,100000,65536,9316780,227.593875,0.05762500000000159,439379.13531284616,39.03959980297107,267.455,10472344,15848344,106217472,106463232,10640368,100000,100000,316666
final-memory,0,final,stream,mixed,100000,65536,9316780,227.414667,0.06174999999998931,439725.3762001199,39.07036390756372,267.068,10472256,15616992,108953600,109199360,10640368,100000,100000,316666
final-memory,0,baseline,stream,mixed,100000,65536,9316780,301.564625,0.06879200000000196,331603.88092602044,29.46358113988808,347.618,10491352,18270240,108756992,109002752,10665640,100000,100000,316666
final-memory,0,final,parse,mixed,100000,65536,9316780,250.39591600000003,250.35262500000002,399367.5360104515,35.48449966575102,354.519,10459344,110260496,233603072,233668608,10558856,100000,100000,0
final-memory,0,baseline,parse,mixed,100000,65536,9316780,331.01270800000003,330.965125,302103.20505278005,26.84239481708183,435.553,10496328,113854552,238616576,238698496,10580056,100000,100000,0
final-memory,0,final,stream,mixed,500000,65536,46583384,1102.9195,0.0691669999999931,453342.24301954947,40.279800014497745,1167.396,10472280,30318544,125943808,126861312,11117872,500000,500000,1583333
final-memory,0,baseline,stream,mixed,500000,65536,46583384,1453.906792,0.08299999999999841,343901.0002231285,30.555863096958312,1539.617,10491352,29627376,124764160,125468672,11143504,500000,500000,1583333
final-memory,0,final,parse,mixed,500000,65536,46583384,1208.125042,1208.075625,413864.44500171207,36.77216790287329,1616.135,10459344,409087440,545783808,546340864,11016776,500000,500000,0
final-memory,0,baseline,parse,mixed,500000,65536,46583384,1587.800291,1587.750583,314901.0633353008,27.979196844781185,1950.889,10496256,405545616,558628864,559267840,11023528,500000,500000,0
final-memory,1,baseline,stream,mixed,100000,65536,9316780,307.565542,0.06508299999998712,325133.9514489565,28.888716661268322,355.014,10484472,17822824,109297664,109559808,10614328,100000,100000,316666
final-memory,1,final,stream,mixed,100000,65536,9316780,229.537167,0.056667000000004464,435659.2934685823,38.7090853901121,270.13,10472320,15812384,105955328,106250240,10640432,100000,100000,316666
final-memory,1,baseline,parse,mixed,100000,65536,9316780,328.219416,328.16875,304674.23657837475,27.0708354365222,434.791,10496192,113720336,240631808,240730112,10581704,100000,100000,0
final-memory,1,final,parse,mixed,100000,65536,9316780,251.846208,251.79725000000002,397067.7215834832,35.28015715689244,352.211,10457456,99515272,236421120,236486656,10538856,100000,100000,0
final-memory,1,baseline,stream,mixed,500000,65536,46583384,1468.3519580000002,0.05925000000002001,340517.8147349874,30.255264516145278,1546.101,10484664,29949328,127352832,127352832,10756416,500000,500000,1583333
final-memory,1,final,stream,mixed,500000,65536,46583384,1098.0452500000001,0.06637500000002206,455354.6404394536,40.458603042169564,1163.342,10472280,28997872,122699776,123224064,11117872,500000,500000,1583333
final-memory,1,final,parse,mixed,500000,65536,46583384,1239.7537499999999,1239.7022499999998,403305.8984495913,35.83403308285202,1614.71,10459480,406355448,551288832,551878656,11040544,500000,500000,0
final-memory,1,baseline,parse,mixed,500000,65536,46583384,1612.8755,1612.824666,310005.3289916053,27.544207158016746,2051.975,10496336,400674752,555286528,555286528,10939720,500000,500000,0
final-memory,2,final,stream,mixed,100000,65536,9316780,239.16554100000002,0.07075000000000387,418120.4348330431,37.15072731822776,282.84,10472344,15266624,107773952,108003328,10640432,100000,100000,316666
final-memory,2,baseline,stream,mixed,100000,65536,9316780,322.560542,0.0958750000000066,310019.32034203986,27.545755418551543,378.02,10491112,17268120,108593152,108855296,10665400,100000,100000,316666
final-memory,2,final,parse,mixed,100000,65536,9316780,269.83787499999994,269.78324999999995,370592.8976797643,32.92782304043649,381.364,10459376,99319440,238583808,238649344,10539448,100000,100000,0
final-memory,2,baseline,parse,mixed,100000,65536,9316780,339.423,339.35616600000003,294617.63050824485,26.177288509050424,448.351,10496224,98147376,240680960,240762880,10601424,100000,100000,0
final-memory,2,final,stream,mixed,500000,65536,46583384,1164.680125,0.07237500000002228,429302.42327265604,38.143843909150455,1238.369,10472376,29020160,124747776,125632512,11117904,500000,500000,1583333
final-memory,2,baseline,stream,mixed,500000,65536,46583384,1567.4399999999998,0.07325000000000159,318991.4765477467,28.34263314199577,1667.357,10484856,29882544,126844928,126844928,10693056,500000,500000,1583333
final-memory,2,baseline,parse,mixed,500000,65536,46583384,1622.729875,1622.669958,308122.755181296,27.376939055916402,2036.191,10496224,407945920,553926656,554434560,10922480,500000,500000,0
final-memory,2,final,parse,mixed,500000,65536,46583384,1262.8986249999998,1262.833334,395914.59686639544,35.17731036573886,1699.227,10459440,400497712,544030720,544325632,10854160,500000,500000,0
final-memory,3,final,stream,mixed,100000,65536,9316780,234.598542,0.07004200000000083,426260.1086412549,37.87395148264571,277.054,10472256,15298016,107462656,107708416,10640368,100000,100000,316666
final-memory,3,baseline,stream,mixed,100000,65536,9316780,309.419375,0.08737499999998022,323185.9672653013,28.715634881000653,359.34,10491192,16518128,108118016,108412928,10665576,100000,100000,316666
final-memory,3,final,parse,mixed,100000,65536,9316780,249.920208,249.871917,400127.70796029427,35.55204226465521,354.568,10458720,99162136,239616000,239681536,10554344,100000,100000,0
final-memory,3,baseline,parse,mixed,100000,65536,9316780,328.26187500000003,328.208042,304634.828519151,27.067333961969908,446.049,10496112,108469584,240648192,240812032,10674944,100000,100000,0
final-memory,3,final,stream,mixed,500000,65536,46583384,1125.257708,0.06766600000000267,444342.6571933333,39.48018003009302,1198.248,10472256,30647648,124583936,125353984,11117872,500000,500000,1583333
final-memory,3,baseline,stream,mixed,500000,65536,46583384,1471.75575,0.06370800000001964,339730.2847296503,30.185291881543417,1558.91,10484504,29456040,125763584,125763584,10717064,500000,500000,1583333
final-memory,3,baseline,parse,mixed,500000,65536,46583384,1583.887291,1583.824708,315679.02769414923,28.048319564482096,2006.736,10496224,416932536,554123264,554418176,10904768,500000,500000,0
final-memory,3,final,parse,mixed,500000,65536,46583384,1210.939625,1210.883167,412902.5012291592,36.68669847358397,1638.653,10459480,403838944,544718848,545030144,10973168,500000,500000,0
final-memory,4,baseline,stream,mixed,100000,65536,9316780,312.070375,0.0629160000000013,320440.5416566696,28.4716990441897,362.863,10491352,16880720,105971712,106233856,10665640,100000,100000,316666
final-memory,4,final,stream,mixed,100000,65536,9316780,228.828417,0.07579200000000696,437008.6605109015,38.82897899698979,269.547,10472256,15302352,107134976,107397120,10640368,100000,100000,316666
final-memory,4,final,parse,mixed,100000,65536,9316780,255.228708,255.18583299999997,391805.45473748195,34.812595601931356,362.185,10459344,99136496,235618304,235683840,10544272,100000,100000,0
final-memory,4,baseline,parse,mixed,100000,65536,9316780,336.016291,335.967666,297604.6182237039,26.44268755888214,439.276,10496176,114503344,238551040,238649344,10581704,100000,100000,0
final-memory,4,baseline,stream,mixed,500000,65536,46583384,1478.439667,0.06504200000000537,338194.38909846294,30.048826396978594,1562.987,10484384,29735864,125796352,125796352,10719896,500000,500000,1583333
final-memory,4,final,stream,mixed,500000,65536,46583384,1076.506584,0.06683400000000006,464465.343204998,41.268095850391795,1143.165,10470808,28782920,122732544,123666432,11116336,500000,500000,1583333
final-memory,4,baseline,parse,mixed,500000,65536,46583384,1580.389875,1580.332708,316377.62802042754,28.110390730065795,1957.127,10480312,398622600,555302912,555859968,10906272,500000,500000,0
final-memory,4,final,parse,mixed,500000,65536,46583384,1242.6290829999998,1242.577166,402372.6845285819,35.75111632252844,1676.61,10459424,396765976,543801344,543981568,10808216,500000,500000,0
